Contract,Last,Change,Open,High,Low,Previous,Volume,"Open Interest",Time
"KMY00 (Cash)",105.35,0.49,105.35,105.35,105.35,104.86,0,0,2025-06-03
"KMM25 (Jun '25)",107.975,1.1,0,107.975,107.975,106.875,0,6,2025-06-04
"KMN25 (Jul '25)",113.225,1.1,0,113.225,113.225,112.125,0,14,2025-06-04
"KMQ25 (Aug '25)",112.45,1.1,0,112.45,112.45,111.35,0,4,2025-06-04
"KMV25 (Oct '25)",104.15,1.1,0,104.15,104.15,103.05,0,0,2025-06-04
"KMZ25 (Dec '25)",92,0.1,92,92,92,91.9,4,17,2025-06-04
"KMG26 (Feb '26)",92.95,0.1,0,92.95,92.95,92.85,0,0,2025-06-04
"KMJ26 (Apr '26)",94.075,0.1,0,94.075,94.075,93.975,0,0,2025-06-04
"KMK26 (May '26)",100.675,0.1,0,100.675,100.675,100.575,0,0,2025-06-04
"KMM26 (Jun '26)",106.025,0.1,0,106.025,106.025,105.925,0,0,2025-06-04
"KMN26 (Jul '26)",107.375,0.1,0,107.375,107.375,107.275,0,0,2025-06-04
"KMQ26 (Aug '26)",105.9,0.1,0,105.9,105.9,105.8,0,0,2025-06-04
"KMV26 (Oct '26)",98.3,0.1,0,98.3,98.3,98.2,0,0,2025-06-04
"KMZ26 (Dec '26)",0,0,0,0,0,0,N/A,N/A,N/A
"Downloaded from Barchart.com as of 06-05-2025 07:18am CDT"
